ContactID,SupplierID,ContactName,JobTitle,Email,Phone
CON0001,SUP001,Leah Acosta,Operations Manager,christinatorres@example.net,8277224932
CON0002,SUP001,Tiffany Duke,Operations Manager,sheila50@example.com,329.337.9772x462
CON0003,SUP002,Derek Warner,Account Manager,jenniferroberson@example.net,677.432.3348x501
CON0004,SUP002,Tracy Thomas,Quality Manager,duarteamanda@example.com,242-399-8975x422
CON0005,SUP002,Tyler Stewart,Sales Manager,smithvanessa@example.net,692.691.1176
CON0006,SUP003,Alyssa Griffith,Sales Manager,troyreilly@example.com,(402)265-8475
CON0007,SUP003,Susan Whitney,Account Manager,jenniferpena@example.net,558.841.3268
CON0008,SUP004,Andrew Gamble,Account Manager,wallacemichelle@example.net,(951)694-3380
CON0009,SUP005,Stacy Murray,Operations Manager,emily74@example.org,001-768-275-5434x01437
CON0010,SUP006,Katherine Gibson,Account Manager,kinggrant@example.org,001-276-743-0810
CON0011,SUP007,Angela Gallegos,Quality Manager,aaron32@example.org,(583)721-2620
CON0012,SUP008,Dr. Donald Wright,Account Manager,nrose@example.org,001-712-413-3841x53209
CON0013,SUP008,Ronnie Montgomery,Sales Manager,normankathryn@example.com,943-727-4826x25223
CON0014,SUP008,Robert Waters,Supplier Representative,kelligallagher@example.com,001-382-489-4925x20744
CON0015,SUP009,Martin Davis,Quality Manager,taylormelanie@example.com,(442)331-3944
CON0016,SUP010,Amy Nelson,Account Manager,coreyroberts@example.com,(300)383-3701
CON0017,SUP010,Tracy Dudley,Supplier Representative,jesusrobertson@example.net,8892240130
CON0018,SUP010,Jared Thompson,Supplier Representative,hallcameron@example.com,947.723.9992
CON0019,SUP011,Peggy Elliott,Account Manager,bcooper@example.com,795.271.7860
CON0020,SUP011,Robert Stevens,Sales Manager,yodervictoria@example.org,(833)463-0563x538
CON0021,SUP012,Stephanie Cameron,Account Manager,stephen99@example.org,+1-499-960-9463x74807
CON0022,SUP013,Ashley Ali,Quality Manager,james73@example.com,(990)900-9367
CON0023,SUP013,Terry Vargas,Quality Manager,jchan@example.com,(996)231-5404
CON0024,SUP014,Allen Daniels,Supplier Representative,brandon28@example.com,6867225584
CON0025,SUP014,Christopher Gonzalez,Quality Manager,mnorman@example.net,854-634-9389
CON0026,SUP015,Robert Jimenez,Quality Manager,psmith@example.org,472.258.0911x535
CON0027,SUP015,Elizabeth Perkins,Sales Manager,benjaminwilliams@example.com,001-978-606-1305x32074
CON0028,SUP015,Mrs. Wendy Murray,Sales Manager,tannermichael@example.net,+1-211-902-3123x835
CON0029,SUP016,Chelsea Weeks,Account Manager,arthurfarmer@example.com,314.693.4028
CON0030,SUP016,Tiffany Soto,Quality Manager,hrobertson@example.org,+1-844-499-5216x5385
CON0031,SUP016,John Walker,Sales Manager,amanda57@example.com,371-410-9476x850
CON0032,SUP017,Stephen Lewis,Operations Manager,atkinsonmargaret@example.net,6824684846
CON0033,SUP018,Alfred Alvarez,Operations Manager,lcampbell@example.com,9576496749
CON0034,SUP018,Virginia Leach,Operations Manager,amandahall@example.org,305.659.9148x514
CON0035,SUP019,Renee Mckenzie,Sales Manager,ilee@example.org,989.942.8945x1470
CON0036,SUP019,Amy Harris,Operations Manager,cvazquez@example.net,621.916.9451x5769
CON0037,SUP019,Monica Mcguire,Supplier Representative,juanbean@example.net,580-484-1641x06451
CON0038,SUP020,Brittany Benjamin,Supplier Representative,pchapman@example.net,9624797268
CON0039,SUP020,James Rodriguez,Account Manager,lisa72@example.net,(861)312-3869
CON0040,SUP021,Mallory Huber,Supplier Representative,watersjill@example.net,(403)685-0222
CON0041,SUP021,Daniel Stevenson,Account Manager,dchen@example.org,001-717-444-9673
CON0042,SUP021,Lisa Jones,Operations Manager,kathleen01@example.org,(536)430-7652
CON0043,SUP022,Teresa Robinson,Quality Manager,freemancarrie@example.org,001-667-742-7643x29889
CON0044,SUP022,Xavier Hayes,Operations Manager,aaustin@example.org,+1-649-453-0181x95825
CON0045,SUP022,Richard Johnson,Quality Manager,rglover@example.com,+1-244-995-2210x03705
CON0046,SUP023,Arthur Reynolds,Sales Manager,colemanbobby@example.com,631-645-9345x4641
CON0047,SUP024,Brooke Howard,Quality Manager,nicole42@example.org,672.508.4177
CON0048,SUP024,Anne Stout,Sales Manager,steven79@example.net,221.775.2371x66646
CON0049,SUP025,Melissa Rivera,Sales Manager,campbelldanielle@example.com,(350)307-8760x6669
CON0050,SUP026,Stephen Smith,Quality Manager,isexton@example.org,644.257.9833
CON0051,SUP026,Dawn Lopez,Sales Manager,nblackwell@example.org,001-291-627-5832x445
CON0052,SUP026,Harold Carter,Quality Manager,portega@example.net,569-981-5780
CON0053,SUP027,Cynthia Smith,Supplier Representative,phicks@example.com,001-837-842-8154x00994
CON0054,SUP027,Brett Dominguez,Operations Manager,michaelparker@example.org,563.438.1299
CON0055,SUP028,Antonio Wiggins,Account Manager,isimpson@example.net,719-909-4701x93853
CON0056,SUP028,John Morgan,Quality Manager,michaelkeller@example.net,326-790-0349x0879
CON0057,SUP029,Erica Hurley,Account Manager,kaitlynjones@example.org,+1-485-513-5234x8491
CON0058,SUP030,Anthony Hughes,Account Manager,wigginsgabriel@example.net,743.835.9105x95456
CON0059,SUP030,Nathan Lopez,Supplier Representative,amanda92@example.com,+1-645-697-9269x3777
CON0060,SUP030,Elizabeth Smith,Quality Manager,gordonalicia@example.com,+1-817-783-5813x541
CON0061,SUP031,Adrian Allen,Sales Manager,ccook@example.net,+1-777-349-6923x95791
CON0062,SUP031,Katie Torres,Account Manager,christine71@example.net,842-655-1792x111
CON0063,SUP031,Andrew Blackwell,Operations Manager,lewisstacey@example.net,+1-841-969-4647
CON0064,SUP032,Jose Medina,Sales Manager,zbeck@example.com,558-249-7766
CON0065,SUP032,Madeline Smith,Supplier Representative,sandrataylor@example.org,+1-440-963-5577x2638
CON0066,SUP032,David Dominguez,Quality Manager,laura05@example.com,825-642-7522x517
CON0067,SUP033,Jack Robertson,Sales Manager,paul54@example.net,001-959-791-5259x743
CON0068,SUP033,Lee Smith,Sales Manager,philip78@example.net,514-740-0437x2605
CON0069,SUP033,Jamie Shaw,Account Manager,ujones@example.org,397.607.1127
CON0070,SUP034,Brendan Gomez,Quality Manager,rodrigueztammie@example.com,753.223.1456
CON0071,SUP035,Gilbert Montes,Sales Manager,gilbertkaylee@example.org,532.436.3877
CON0072,SUP036,Nancy Ball,Operations Manager,foxshannon@example.net,001-464-786-0950x885
CON0073,SUP036,Donna Steele,Operations Manager,nancy16@example.com,(981)519-7901
CON0074,SUP037,Paige Nguyen,Supplier Representative,zbrown@example.org,671.512.5921
CON0075,SUP037,Joshua Ayala,Quality Manager,zfreeman@example.net,+1-441-596-9487x497
CON0076,SUP038,Kathryn Torres,Account Manager,jmalone@example.org,453-452-8916x24114
CON0077,SUP038,Jason Mcmillan,Supplier Representative,julie75@example.com,(383)468-1006x662
CON0078,SUP039,Cindy Horton,Operations Manager,beanjohn@example.net,(551)900-8844x3078
CON0079,SUP039,Lisa White,Operations Manager,pshaw@example.com,(314)445-0837x440
CON0080,SUP040,Karla Harris,Supplier Representative,ssantos@example.net,001-468-997-5209
CON0081,SUP040,Dr. Jasmine Garcia,Quality Manager,david01@example.org,+1-994-399-6793
CON0082,SUP041,Nicholas Molina,Quality Manager,harrischristopher@example.org,+1-930-218-6403
CON0083,SUP041,Rachel Mcdonald,Supplier Representative,dsutton@example.org,918.990.4551
CON0084,SUP041,Charles Ellis,Account Manager,kellerelizabeth@example.org,+1-213-547-6110
CON0085,SUP042,Joshua Stevens,Account Manager,fleon@example.org,423.513.1836x447
CON0086,SUP042,Charles Hubbard,Quality Manager,donaldmartin@example.org,(776)334-6719x53269
CON0087,SUP042,Thomas Jones,Quality Manager,jessecook@example.org,664-621-1111x73133
CON0088,SUP043,Robert Hanson,Operations Manager,harristammy@example.com,(423)725-0457x0949
CON0089,SUP044,Martin Wolfe,Quality Manager,berryjonathan@example.org,386-498-4497x61682
CON0090,SUP044,Christopher Ross,Account Manager,mguerrero@example.net,+1-945-689-8797x248
CON0091,SUP044,Jeremy Austin,Operations Manager,cindy43@example.com,(237)297-6567x788
CON0092,SUP045,Nicole Perry,Sales Manager,xdowns@example.org,+1-876-829-2514x90265
CON0093,SUP046,Antonio Davis,Operations Manager,harrisdavid@example.com,001-897-300-5306x366
CON0094,SUP046,Earl White,Supplier Representative,zshaw@example.org,001-300-465-6316
CON0095,SUP047,William Castillo,Sales Manager,taylorkenneth@example.net,001-206-939-1193x96957
CON0096,SUP047,Judy Martinez,Operations Manager,amber23@example.net,582-279-8556x45199
CON0097,SUP048,Amber Hill,Supplier Representative,brittanycastaneda@example.net,(744)765-3329x840
CON0098,SUP048,James Henry,Quality Manager,tuckerdavid@example.org,+1-973-777-7086x2963
CON0099,SUP049,Kenneth Russo,Account Manager,vmcdonald@example.net,653-873-1983x934
CON0100,SUP049,Lacey Franklin,Supplier Representative,jclark@example.org,+1-757-274-8000x42944
CON0101,SUP050,Linda Miller,Account Manager,eduran@example.org,306-354-2668x1922
CON0102,SUP050,Jacqueline Rosales,Quality Manager,sarahritter@example.org,360-996-5124
CON0103,SUP051,Robert Oneal,Account Manager,brett59@example.net,(963)319-1547x4515
CON0104,SUP052,Jeffrey Jones,Supplier Representative,marcus90@example.com,400.719.7870x1309
CON0105,SUP052,Jacqueline Ryan,Account Manager,maryfernandez@example.com,764.857.2610x607
CON0106,SUP053,Dustin Rodriguez,Supplier Representative,bianca48@example.net,992-247-1120x23408
CON0107,SUP053,Tony Gonzales,Operations Manager,joneschris@example.net,752.328.6040
CON0108,SUP053,Erica Franklin,Quality Manager,serranoemily@example.org,(858)265-9751x5554
CON0109,SUP054,Donald Grant,Quality Manager,brandonking@example.org,9729276622
CON0110,SUP054,Gloria Rasmussen,Account Manager,epierce@example.com,(629)427-9996
CON0111,SUP055,Amy Robinson,Account Manager,seanparks@example.com,955.271.2711x113
CON0112,SUP055,Laura Barron,Quality Manager,william36@example.org,+1-943-497-2040x503
CON0113,SUP056,Nicole Hunter,Operations Manager,justin00@example.org,351.486.7961x956
CON0114,SUP056,Stacy Cherry,Quality Manager,johnsonronald@example.net,001-375-802-5698x933
CON0115,SUP057,Mathew Krause,Operations Manager,cmcclure@example.com,(298)758-2699x62479
CON0116,SUP057,Sean Kennedy,Supplier Representative,ohicks@example.com,(498)396-8666x7200
CON0117,SUP057,Bryan Decker,Supplier Representative,velazquezshaun@example.com,001-924-754-9112x99176
CON0118,SUP058,Corey Powell,Sales Manager,ethan45@example.com,001-822-960-4992x786
CON0119,SUP059,Carrie Romero,Account Manager,egarza@example.net,725-970-0169
CON0120,SUP059,James Taylor,Operations Manager,ybaker@example.net,818-685-6724
CON0121,SUP059,Michelle Moore,Supplier Representative,gvelasquez@example.net,001-809-509-0625x213
CON0122,SUP060,Krista Sanford,Supplier Representative,elizabethkaiser@example.net,894.776.3909x992
CON0123,SUP060,Richard Banks,Quality Manager,mtaylor@example.org,2388586129
CON0124,SUP060,Yolanda Jones,Sales Manager,meganbrown@example.net,501.480.6227x880
CON0125,SUP061,Mark Hawkins,Operations Manager,barkercynthia@example.net,(470)348-5838x68039
CON0126,SUP061,Bryan Dominguez,Sales Manager,hartmanheather@example.com,001-310-309-6681x5941
CON0127,SUP062,Mr. Ronald Freeman,Supplier Representative,elizabethhoward@example.com,560-897-7948
CON0128,SUP062,Charles Snyder,Supplier Representative,marshallcatherine@example.com,(881)635-4266x59315
CON0129,SUP063,Adam Garcia,Quality Manager,zwilliams@example.org,991-280-4414
CON0130,SUP064,Julie Harris,Operations Manager,bondbeth@example.net,+1-239-587-7565x3228
CON0131,SUP064,Cynthia Stevens,Sales Manager,rhaynes@example.org,603.766.7364
CON0132,SUP064,Tabitha Ray,Sales Manager,brandy94@example.net,556-985-1444
CON0133,SUP065,Robert Jackson,Operations Manager,hooverelaine@example.net,(894)768-2304
CON0134,SUP065,Caitlin Burton,Quality Manager,sarah40@example.org,+1-729-903-4919x5104
CON0135,SUP066,Jessica Miller,Supplier Representative,laurie41@example.com,001-312-727-3118x249
CON0136,SUP066,Thomas Avila,Quality Manager,nataliewright@example.net,7246111931
CON0137,SUP066,Kayla Miller,Sales Manager,hvincent@example.com,203-746-9654x89525
CON0138,SUP067,Brent Ryan,Supplier Representative,blackmatthew@example.net,336.679.1718
CON0139,SUP068,Glenn Carroll,Sales Manager,nicholslisa@example.com,606-274-4441x565
CON0140,SUP069,Stacey Chase,Account Manager,courtneyfisher@example.org,887.219.0978
CON0141,SUP069,Sherri Hays,Operations Manager,mosleychristine@example.com,926-355-2591
CON0142,SUP070,Mary Lopez,Account Manager,wliu@example.org,001-677-599-3070
CON0143,SUP070,Devin Nelson,Supplier Representative,dpalmer@example.net,(424)884-7895
CON0144,SUP070,William Jones,Supplier Representative,jeffreyhernandez@example.org,+1-749-719-7901x7544
CON0145,SUP071,Jennifer Garcia,Sales Manager,ryanhorton@example.com,+1-421-565-8304
CON0146,SUP071,Mark Dennis,Supplier Representative,wilsonjoshua@example.org,001-910-607-2545
CON0147,SUP072,Jordan Horton,Sales Manager,roberthogan@example.com,288-456-6725x305
CON0148,SUP072,Jennifer Williams,Supplier Representative,gregorygarza@example.net,571.653.7730
CON0149,SUP072,Joshua Hernandez,Sales Manager,rpierce@example.org,2592664156
CON0150,SUP073,Travis Anderson,Operations Manager,lbarber@example.org,(494)751-3407
CON0151,SUP073,Eric Berger,Sales Manager,edwardchristensen@example.org,001-894-621-6725x86010
CON0152,SUP073,Sheryl Johnson,Quality Manager,kristen60@example.org,427.759.3009
CON0153,SUP074,Susan Flores,Supplier Representative,traciwaters@example.com,(888)682-1609x9135
CON0154,SUP074,Kevin Rodgers,Account Manager,zhines@example.org,341-604-5960x90791
CON0155,SUP075,Joshua Walsh,Account Manager,czavala@example.net,(667)645-0661x71146
CON0156,SUP075,Kaitlyn Bennett,Quality Manager,davidwatson@example.com,955-967-5934
CON0157,SUP075,Melanie Wallace,Account Manager,vjackson@example.org,973.305.4830x16303
CON0158,SUP076,Jeremy Mcbride,Account Manager,novakmichael@example.org,308-297-2008
CON0159,SUP076,Debra Villanueva,Operations Manager,michaelbowman@example.org,(856)332-4391
CON0160,SUP076,Jessica Ramirez,Operations Manager,lauren39@example.org,(477)417-6320x2603
CON0161,SUP077,Joseph Sellers,Supplier Representative,anna03@example.com,388.715.1842x90617
CON0162,SUP077,Claire Atkins,Sales Manager,kristenhernandez@example.com,001-964-794-8447
CON0163,SUP077,Sandra Fuentes,Supplier Representative,williamsjason@example.org,965.451.0378
CON0164,SUP078,Teresa Stephens,Supplier Representative,skey@example.com,(510)257-8636x3872
CON0165,SUP078,Susan Schneider,Account Manager,james92@example.com,(395)236-6253x088
CON0166,SUP078,Sarah Carter,Account Manager,andrew73@example.com,501-593-6296x370
CON0167,SUP079,Nicholas Kelley,Operations Manager,jillross@example.net,906.801.4779x1688
CON0168,SUP079,Joshua Brown,Supplier Representative,qromero@example.org,(691)264-2879x6113
CON0169,SUP079,Sharon Fisher,Supplier Representative,smithtimothy@example.com,718-880-6812x270
CON0170,SUP080,Brittany Sanchez,Sales Manager,pruittmegan@example.org,318.597.8192x7076
CON0171,SUP080,Karen Cooper,Sales Manager,jerome30@example.net,+1-371-870-6419x900
CON0172,SUP081,Mary Stein,Supplier Representative,xharris@example.net,591.815.9122
CON0173,SUP081,Anna Alexander,Sales Manager,kelleycarla@example.net,229-606-5407
CON0174,SUP081,Jessica Scott,Supplier Representative,ronalddavis@example.org,940-901-0464x4978
CON0175,SUP082,Taylor Meza,Account Manager,kristinasavage@example.com,+1-965-386-8777x8248
CON0176,SUP083,Kimberly Greer,Supplier Representative,nancytaylor@example.org,426.726.9602
CON0177,SUP083,Matthew Yang,Supplier Representative,douglaskelly@example.net,001-535-587-8945x3798
CON0178,SUP083,Taylor Maldonado,Supplier Representative,dallen@example.com,+1-692-517-5777x525
CON0179,SUP084,Summer King,Sales Manager,martinezheather@example.com,207-813-8312
CON0180,SUP084,Preston Morales,Supplier Representative,michaelbradley@example.com,+1-305-335-8903x111
CON0181,SUP084,Duane Estrada,Quality Manager,steve39@example.org,(686)327-1566x862
CON0182,SUP085,Andrew Warren,Operations Manager,richard66@example.com,001-556-481-7445x6515
CON0183,SUP086,Megan Alvarez,Account Manager,tinareed@example.org,(943)924-3419x1336
CON0184,SUP086,Jose Arnold,Quality Manager,crodriguez@example.net,(959)858-5178x054
CON0185,SUP086,John Hamilton,Supplier Representative,fmiller@example.org,001-910-878-7990
CON0186,SUP087,Yolanda Reese,Operations Manager,lindacarney@example.net,+1-621-958-4572x126
CON0187,SUP088,Travis Mccann,Quality Manager,kimberlydavis@example.net,6059460891
CON0188,SUP088,Kayla Scott,Sales Manager,matthewgoodwin@example.org,+1-611-692-5234
CON0189,SUP089,William Allison,Sales Manager,amandamorris@example.net,+1-997-294-6710
CON0190,SUP089,Jaime Kelley,Quality Manager,matthew65@example.com,(327)628-4292
CON0191,SUP090,William Stein,Account Manager,charlesamy@example.com,(695)427-7833
CON0192,SUP090,Jordan Aguilar,Account Manager,larsonwilliam@example.net,+1-704-717-8646x32012
CON0193,SUP091,Natalie Roach,Supplier Representative,xsteele@example.org,813-780-7325x059
CON0194,SUP091,Julie Roberts,Quality Manager,zparker@example.com,001-947-817-1748
CON0195,SUP091,Diane Wilkerson,Account Manager,athomas@example.org,281-903-9772x59153
CON0196,SUP092,Donald Gonzalez,Operations Manager,johnmccarthy@example.com,+1-277-529-8892x8628
CON0197,SUP092,Michelle Lowery,Supplier Representative,estesamy@example.org,+1-963-396-2867x2619
CON0198,SUP092,Loretta Fleming,Account Manager,lynn96@example.com,+1-377-311-8422x58276
CON0199,SUP093,Jennifer Carr,Supplier Representative,asimpson@example.net,215-590-8426
CON0200,SUP093,Charles Parker,Operations Manager,cmiller@example.com,(613)922-6128x9348
CON0201,SUP093,Diane Day,Quality Manager,joycetate@example.com,471-444-8317x55222
CON0202,SUP094,Robert Ford,Quality Manager,leah74@example.org,554-621-3582x6494
CON0203,SUP094,Mary Myers,Sales Manager,czimmerman@example.com,001-883-857-0724x9531
CON0204,SUP094,Donna Romero,Account Manager,gordonmatthew@example.net,443-881-6690x336
CON0205,SUP095,Katie Mora,Quality Manager,tevans@example.org,+1-446-498-2845x858
CON0206,SUP096,Jeffery Scott,Quality Manager,devin41@example.net,971.710.0490
CON0207,SUP096,Mason Howard,Quality Manager,phansen@example.org,322-748-7288x63764
CON0208,SUP097,Brett Kim,Sales Manager,ygeorge@example.net,001-453-705-4614x22867
CON0209,SUP097,Elizabeth Smith,Account Manager,hamptonapril@example.net,+1-338-547-5511
CON0210,SUP098,Dr. Tyler Navarro,Quality Manager,chelsea38@example.net,476.999.9516x889
CON0211,SUP099,David Jackson,Quality Manager,whitejeffrey@example.org,+1-283-457-6717x933
CON0212,SUP099,Steven Sherman,Account Manager,mhickman@example.org,(966)620-7315
CON0213,SUP100,Tiffany Orr,Account Manager,julie01@example.org,001-622-666-1940x9007
CON0214,SUP100,Scott Morris,Supplier Representative,jacobscott@example.net,501.601.6358x7480
